{
    "negative_emotion": 0.017766497461928935,
    "religion": 0.015228426395939087,
    "death": 0.013959390862944163,
    "violence": 0.013959390862944163,
    "tourism": 0.012690355329949238
}