{
    "government": 0.0603448275862069,
    "trust": 0.0603448275862069,
    "law": 0.0603448275862069,
    "dispute": 0.05172413793103448,
    "stealing": 0.04310344827586207,
    "speaking": 0.04310344827586207,
    "crime": 0.034482758620689655,
    "fight": 0.034482758620689655,
    "power": 0.034482758620689655,
    "help": 0.02586206896551724
}