{
    "help": 0.008333333333333333,
    "office": 0.016666666666666666,
    "dance": 0.025,
    "money": 0.0,
    "wedding": 0.025,
    "domestic_work": 0.016666666666666666,
    "sleep": 0.008333333333333333,
    "medical_emergency": 0.016666666666666666,
    "cold": 0.0,
    "hate": 0.03333333333333333,
    "cheerfulness": 0.016666666666666666,
    "aggression": 0.05,
    "occupation": 0.0,
    "envy": 0.016666666666666666,
    "anticipation": 0.008333333333333333,
    "family": 0.0,
    "vacation": 0.03333333333333333,
    "crime": 0.041666666666666664,
    "attractive": 0.025,
    "masculine": 0.008333333333333333,
    "prison": 0.008333333333333333,
    "health": 0.016666666666666666,
    "pride": 0.025,
    "dispute": 0.03333333333333333,
    "nervousness": 0.008333333333333333,
    "government": 0.03333333333333333,
    "weakness": 0.008333333333333333,
    "horror": 0.016666666666666666,
    "swearing_terms": 0.0,
    "leisure": 0.025,
    "suffering": 0.06666666666666667,
    "royalty": 0.016666666666666666,
    "wealthy": 0.025,
    "tourism": 0.008333333333333333,
    "furniture": 0.0,
    "school": 0.05,
    "magic": 0.025,
    "beach": 0.008333333333333333,
    "journalism": 0.016666666666666666,
    "morning": 0.008333333333333333,
    "banking": 0.0,
    "social_media": 0.025,
    "exercise": 0.025,
    "night": 0.016666666666666666,
    "kill": 0.03333333333333333,
    "blue_collar_job": 0.008333333333333333,
    "art": 0.03333333333333333,
    "ridicule": 0.0,
    "play": 0.025,
    "computer": 0.025,
    "college": 0.041666666666666664,
    "optimism": 0.025,
    "stealing": 0.041666666666666664,
    "real_estate": 0.0,
    "home": 0.008333333333333333,
    "divine": 0.025,
    "sexual": 0.025,
    "fear": 0.025,
    "irritability": 0.016666666666666666,
    "superhero": 0.016666666666666666,
    "business": 0.016666666666666666,
    "driving": 0.0,
    "pet": 0.016666666666666666,
    "childish": 0.008333333333333333,
    "cooking": 0.008333333333333333,
    "exasperation": 0.0,
    "religion": 0.03333333333333333,
    "hipster": 0.03333333333333333,
    "internet": 0.016666666666666666,
    "surprise": 0.0,
    "reading": 0.016666666666666666,
    "worship": 0.025,
    "leader": 0.016666666666666666,
    "independence": 0.008333333333333333,
    "movement": 0.016666666666666666,
    "body": 0.0,
    "noise": 0.016666666666666666,
    "eating": 0.016666666666666666,
    "medieval": 0.016666666666666666,
    "zest": 0.008333333333333333,
    "confusion": 0.008333333333333333,
    "water": 0.008333333333333333,
    "sports": 0.041666666666666664,
    "death": 0.05,
    "healing": 0.008333333333333333,
    "legend": 0.05,
    "heroic": 0.008333333333333333,
    "celebration": 0.041666666666666664,
    "restaurant": 0.016666666666666666,
    "violence": 0.058333333333333334,
    "programming": 0.025,
    "dominant_heirarchical": 0.025,
    "military": 0.008333333333333333,
    "neglect": 0.025,
    "swimming": 0.008333333333333333,
    "exotic": 0.008333333333333333,
    "love": 0.03333333333333333,
    "hiking": 0.008333333333333333,
    "communication": 0.041666666666666664,
    "hearing": 0.03333333333333333,
    "order": 0.008333333333333333,
    "sympathy": 0.016666666666666666,
    "hygiene": 0.008333333333333333,
    "weather": 0.0,
    "anonymity": 0.0,
    "trust": 0.016666666666666666,
    "ancient": 0.016666666666666666,
    "deception": 0.0,
    "fabric": 0.008333333333333333,
    "air_travel": 0.0,
    "fight": 0.05,
    "dominant_personality": 0.0,
    "music": 0.05,
    "vehicle": 0.0,
    "politeness": 0.008333333333333333,
    "toy": 0.025,
    "farming": 0.016666666666666666,
    "meeting": 0.0,
    "war": 0.041666666666666664,
    "speaking": 0.016666666666666666,
    "listen": 0.041666666666666664,
    "urban": 0.016666666666666666,
    "shopping": 0.008333333333333333,
    "disgust": 0.03333333333333333,
    "fire": 0.0,
    "tool": 0.016666666666666666,
    "phone": 0.025,
    "gain": 0.025,
    "sound": 0.016666666666666666,
    "injury": 0.016666666666666666,
    "sailing": 0.0,
    "rage": 0.025,
    "science": 0.025,
    "work": 0.03333333333333333,
    "appearance": 0.016666666666666666,
    "valuable": 0.016666666666666666,
    "warmth": 0.0,
    "youth": 0.016666666666666666,
    "sadness": 0.075,
    "fun": 0.058333333333333334,
    "emotional": 0.025,
    "joy": 0.025,
    "affection": 0.008333333333333333,
    "traveling": 0.0,
    "fashion": 0.03333333333333333,
    "ugliness": 0.0,
    "lust": 0.016666666666666666,
    "shame": 0.025,
    "torment": 0.025,
    "economics": 0.041666666666666664,
    "anger": 0.058333333333333334,
    "politics": 0.025,
    "ship": 0.0,
    "clothing": 0.016666666666666666,
    "car": 0.0,
    "strength": 0.025,
    "technology": 0.041666666666666664,
    "breaking": 0.016666666666666666,
    "shape_and_size": 0.0,
    "power": 0.041666666666666664,
    "white_collar_job": 0.016666666666666666,
    "animal": 0.016666666666666666,
    "party": 0.041666666666666664,
    "terrorism": 0.0,
    "smell": 0.016666666666666666,
    "disappointment": 0.016666666666666666,
    "poor": 0.025,
    "plant": 0.008333333333333333,
    "pain": 0.03333333333333333,
    "beauty": 0.016666666666666666,
    "timidity": 0.0,
    "philosophy": 0.016666666666666666,
    "negotiate": 0.008333333333333333,
    "negative_emotion": 0.041666666666666664,
    "cleaning": 0.008333333333333333,
    "messaging": 0.03333333333333333,
    "competing": 0.016666666666666666,
    "law": 0.03333333333333333,
    "friends": 0.025,
    "payment": 0.0,
    "achievement": 0.025,
    "alcohol": 0.008333333333333333,
    "liquid": 0.008333333333333333,
    "feminine": 0.008333333333333333,
    "weapon": 0.016666666666666666,
    "children": 0.016666666666666666,
    "monster": 0.016666666666666666,
    "ocean": 0.008333333333333333,
    "giving": 0.016666666666666666,
    "contentment": 0.008333333333333333,
    "writing": 0.016666666666666666,
    "rural": 0.008333333333333333,
    "positive_emotion": 0.03333333333333333,
    "musical": 0.025
}