{
    "government": 0.0603448275862069,
    "trust": 0.0603448275862069,
    "law": 0.0603448275862069,
    "dispute": 0.05172413793103448,
    "stealing": 0.04310344827586207,
    "speaking": 0.04310344827586207,
    "crime": 0.034482758620689655,
    "fight": 0.034482758620689655,
    "power": 0.034482758620689655,
    "help": 0.02586206896551724,
    "computer": 0.02586206896551724,
    "sexual": 0.02586206896551724,
    "programming": 0.02586206896551724,
    "dominant_heirarchical": 0.02586206896551724,
    "hearing": 0.02586206896551724,
    "war": 0.02586206896551724,
    "politics": 0.02586206896551724,
    "technology": 0.02586206896551724,
    "aggression": 0.017241379310344827,
    "family": 0.017241379310344827,
    "royalty": 0.017241379310344827,
    "play": 0.017241379310344827,
    "college": 0.017241379310344827,
    "real_estate": 0.017241379310344827,
    "business": 0.017241379310344827,
    "leader": 0.017241379310344827,
    "toy": 0.017241379310344827,
    "urban": 0.017241379310344827,
    "youth": 0.017241379310344827,
    "shame": 0.017241379310344827,
    "strength": 0.017241379310344827,
    "white_collar_job": 0.017241379310344827,
    "disappointment": 0.017241379310344827,
    "messaging": 0.017241379310344827,
    "children": 0.017241379310344827,
    "cold": 0.008620689655172414,
    "nervousness": 0.008620689655172414,
    "weakness": 0.008620689655172414,
    "optimism": 0.008620689655172414,
    "religion": 0.008620689655172414,
    "hipster": 0.008620689655172414,
    "independence": 0.008620689655172414,
    "body": 0.008620689655172414,
    "noise": 0.008620689655172414,
    "medieval": 0.008620689655172414,
    "legend": 0.008620689655172414,
    "violence": 0.008620689655172414,
    "love": 0.008620689655172414,
    "ancient": 0.008620689655172414,
    "sound": 0.008620689655172414,
    "work": 0.008620689655172414,
    "valuable": 0.008620689655172414,
    "fashion": 0.008620689655172414,
    "clothing": 0.008620689655172414,
    "poor": 0.008620689655172414,
    "pain": 0.008620689655172414,
    "friends": 0.008620689655172414,
    "achievement": 0.008620689655172414,
    "feminine": 0.008620689655172414,
    "giving": 0.008620689655172414,
    "contentment": 0.008620689655172414,
    "positive_emotion": 0.008620689655172414
}