{
    "negative_emotion": 0.017766497461928935,
    "religion": 0.015228426395939087,
    "death": 0.013959390862944163,
    "violence": 0.013959390862944163,
    "tourism": 0.012690355329949238,
    "urban": 0.012690355329949238,
    "kill": 0.011421319796954314,
    "suffering": 0.01015228426395939,
    "art": 0.01015228426395939,
    "government": 0.007614213197969543,
    "reading": 0.007614213197969543,
    "worship": 0.007614213197969543,
    "independence": 0.007614213197969543,
    "legend": 0.007614213197969543,
    "animal": 0.007614213197969543,
    "swearing_terms": 0.006345177664974619,
    "school": 0.006345177664974619,
    "valuable": 0.006345177664974619,
    "strength": 0.006345177664974619,
    "law": 0.006345177664974619,
    "wedding": 0.005076142131979695,
    "aggression": 0.005076142131979695,
    "communication": 0.005076142131979695,
    "music": 0.005076142131979695,
    "speaking": 0.005076142131979695,
    "shape_and_size": 0.005076142131979695,
    "power": 0.005076142131979695,
    "pain": 0.005076142131979695,
    "dance": 0.0038071065989847717,
    "magic": 0.0038071065989847717,
    "exercise": 0.0038071065989847717,
    "eating": 0.0038071065989847717,
    "sports": 0.0038071065989847717,
    "celebration": 0.0038071065989847717,
    "science": 0.0038071065989847717,
    "fun": 0.0038071065989847717,
    "party": 0.0038071065989847717,
    "poor": 0.0038071065989847717,
    "philosophy": 0.0038071065989847717,
    "achievement": 0.0038071065989847717,
    "positive_emotion": 0.0038071065989847717,
    "masculine": 0.0025380710659898475,
    "dispute": 0.0025380710659898475,
    "wealthy": 0.0025380710659898475,
    "journalism": 0.0025380710659898475,
    "college": 0.0025380710659898475,
    "optimism": 0.0025380710659898475,
    "real_estate": 0.0025380710659898475,
    "divine": 0.0025380710659898475,
    "cooking": 0.0025380710659898475,
    "movement": 0.0025380710659898475,
    "dominant_heirarchical": 0.0025380710659898475,
    "neglect": 0.0025380710659898475,
    "sympathy": 0.0025380710659898475,
    "trust": 0.0025380710659898475,
    "ancient": 0.0025380710659898475,
    "fight": 0.0025380710659898475,
    "politeness": 0.0025380710659898475,
    "sound": 0.0025380710659898475,
    "fashion": 0.0025380710659898475,
    "torment": 0.0025380710659898475,
    "clothing": 0.0025380710659898475,
    "giving": 0.0025380710659898475,
    "writing": 0.0025380710659898475,
    "sleep": 0.0012690355329949238,
    "medical_emergency": 0.0012690355329949238,
    "crime": 0.0012690355329949238,
    "attractive": 0.0012690355329949238,
    "health": 0.0012690355329949238,
    "pride": 0.0012690355329949238,
    "weakness": 0.0012690355329949238,
    "royalty": 0.0012690355329949238,
    "social_media": 0.0012690355329949238,
    "night": 0.0012690355329949238,
    "play": 0.0012690355329949238,
    "computer": 0.0012690355329949238,
    "stealing": 0.0012690355329949238,
    "business": 0.0012690355329949238,
    "pet": 0.0012690355329949238,
    "hipster": 0.0012690355329949238,
    "medieval": 0.0012690355329949238,
    "confusion": 0.0012690355329949238,
    "heroic": 0.0012690355329949238,
    "restaurant": 0.0012690355329949238,
    "programming": 0.0012690355329949238,
    "military": 0.0012690355329949238,
    "swimming": 0.0012690355329949238,
    "exotic": 0.0012690355329949238,
    "hiking": 0.0012690355329949238,
    "order": 0.0012690355329949238,
    "dominant_personality": 0.0012690355329949238,
    "toy": 0.0012690355329949238,
    "farming": 0.0012690355329949238,
    "war": 0.0012690355329949238,
    "listen": 0.0012690355329949238,
    "phone": 0.0012690355329949238,
    "gain": 0.0012690355329949238,
    "injury": 0.0012690355329949238,
    "rage": 0.0012690355329949238,
    "appearance": 0.0012690355329949238,
    "youth": 0.0012690355329949238,
    "sadness": 0.0012690355329949238,
    "emotional": 0.0012690355329949238,
    "affection": 0.0012690355329949238,
    "lust": 0.0012690355329949238,
    "shame": 0.0012690355329949238,
    "economics": 0.0012690355329949238,
    "anger": 0.0012690355329949238,
    "politics": 0.0012690355329949238,
    "technology": 0.0012690355329949238,
    "smell": 0.0012690355329949238,
    "beauty": 0.0012690355329949238,
    "cleaning": 0.0012690355329949238,
    "messaging": 0.0012690355329949238,
    "competing": 0.0012690355329949238,
    "friends": 0.0012690355329949238,
    "alcohol": 0.0012690355329949238,
    "weapon": 0.0012690355329949238,
    "monster": 0.0012690355329949238,
    "musical": 0.0012690355329949238
}